Model,Training time,Accuracy,Precision,Recall,AUC,F1,R2
Logistic Regression,0:00:03.167861,78.45,70.71,97.14,78.45,81.84,0.138
Random Forest,0:06:44.710345,81.33,75.68,92.31,81.32,83.17,0.253
XGBoost,0:00:36.431365,80.57,74.6,92.7,80.57,82.67,0.222
